first_name,last_name,email,password
john,doe,john.doe@example.com,abc123
jane,doe,jane.doe@example.com,xyz456
SaiDeepak,Dogiparthi,dogiparthi.sai@northeastern.edu,dogiparthi123
Shikha,Singh,singh.shikha@northeastern.edu,shikha123
Souvik,Dinda,dinda.s@northeastern.edu,dinda123
Aditya,Sawant,sawant.adit@northeastern.edu,sawant123
RishabRajesh,Agarwal,agarwal.risha@northeastern.edu,agarwal123
Nagendrababu,Shakamuri,shakamuri.n@northeastern.edu,shakamuri123
RaushanKumar,Jha,jha.rau@northeastern.edu,jha123